1,1,242,3,5.45,3311.94,0.97,19.94,9525,51937,9212,189946
1,2,106,3,3.97,2324.66,0.96,14.19,9521,37758,9167,135090
1,3,204,3,5.88,3359.38,0.95,19.69,9512,55903,9010,187261
1,4,86,3,9.67,5380.37,0.89,31.24,9507,91919,8454,297013
2,1,92,2,5.86,3390.35,0.93,19.78,9921,58163,9228,196252
2,2,596,2,3.5,2571.61,0.95,14.64,9888,34582,9409,144716
2,3,46,2,9.34,8481.32,0.82,41.99,9862,92151,8040,414058
2,4,601,2,4.46,6576.9,0.87,32.79,9850,43955,8594,322956
2,5,60,2,3.28,6578.14,0.87,32.85,9802,32149,8552,321994
2,6,568,2,3.18,6736.7,0.87,33.47,9777,31063,8521,327204
2,7,39,2,7.14,9638.78,0.81,47.93,9783,69899,7932,468907
3,1,623,2,2.39,2307.25,0.97,11.84,9004,21523,8715,106614
3,2,501,2,6.74,6989.74,0.91,36.16,8982,60540,8138,324806
3,3,629,2,4.09,4765.87,0.9,24.42,8974,36702,8055,219166
3,4,518,2,6.7,7699.9,0.81,37.88,8971,60149,7267,339813
3,5,604,2,5.39,8640.67,0.77,42.55,8954,48301,6904,380997
3,6,517,2,4.92,8723.84,0.79,43.82,8939,44006,7056,391719
4,1,572,2,9.2,5553.44,0.85,29.45,8583,78952,7327,252769
4,2,503,2,4.49,4958.85,0.9,26.73,8553,38381,7708,228643
4,3,567,2,3.8,5181.7,0.91,27.58,8552,32503,7768,235892
5,1,294,2,2.04,1472.7,0.94,7.4,5677,11595,5357,41998
5,2,412,2,2.84,3227.26,0.87,15.74,5645,16044,4920,88857
6,1,181,1,1.63,475.79,1.0,2.49,8770,14310,8731,21822
6,2,79,1,1.82,560.84,0.99,3.08,8770,15935,8717,26980
6,3,199,1,2.02,629.5,0.99,3.62,8769,17692,8706,31731
6,4,73,1,2.19,771.1,0.99,4.33,8770,19225,8685,37993
7,1,599,2,1.96,1146.44,0.96,6.52,4952,9707,4750,32268
7,2,33,2,2.43,2141.98,0.94,11.41,4941,11990,4641,56380
8,1,133,2,2.38,3550.63,0.91,16.52,3885,9246,3539,64175
8,2,630,2,2.96,4073.69,0.87,18.48,3875,11461,3382,71603
8,3,140,2,2.68,4138.9,0.87,18.89,3869,10354,3349,73067
9,1,120,2,1.88,552.9,0.97,3.09,4979,9357,4848,15405
9,2,602,2,1.9,546.47,0.98,3.09,4976,9438,4882,15358
9,3,95,2,2.85,1258.93,0.88,6.82,4924,14013,4320,33602
10,1,405,1,6.2,4546.98,0.92,25.68,9018,55953,8292,231598
10,2,288,1,7.68,5462.38,0.89,31.16,9016,69241,8009,280941
11,1,538,2,3.96,1325.39,0.91,8.92,6988,27681,6362,62307
11,2,418,2,4.22,1952.91,0.89,12.3,6966,29407,6222,85681
12,1,430,2,2.05,1081.28,0.93,5.56,4393,8985,4089,24422
12,2,594,2,2.44,1097.43,0.92,5.87,4372,10650,4019,25653
13,1,317,2,2.56,1885.61,0.92,9.33,5045,12937,4632,47058
13,2,206,2,3.26,3250.96,0.87,15.03,5035,16389,4386,75671
13,3,339,2,2.99,4342.14,0.81,19.12,5033,15040,4079,96231
14,1,187,1,6.39,4852.65,0.9,27.13,9040,57792,8181,245222
14,2,27,1,4.29,4467.86,0.94,24.74,9042,38763,8526,223712
14,3,182,1,6.4,7300.16,0.89,39.68,9036,57832,8033,358547
14,4,67,1,6.56,8799.28,0.85,47.49,9033,59252,7648,428938
15,1,102,2,2.08,1094.53,0.97,6.49,7952,16511,7714,51597
15,2,221,2,2.19,1148.77,0.97,7.04,7945,17418,7667,55953
15,3,544,2,2.96,1222.46,0.94,7.55,7938,23519,7490,59894
15,4,216,2,2.54,1366.33,0.95,7.92,7937,20131,7535,62896
16,1,315,3,3.52,3631.09,0.95,21.05,8791,30907,8395,185053
16,2,178,3,2.91,4040.16,0.95,23.09,8789,25559,8354,202938
16,3,287,3,2.81,3948.88,0.95,22.71,8789,24695,8339,199604
16,4,163,3,5.52,5510.88,0.93,30.93,8789,48536,8165,271884
16,5,291,3,3.96,5291.63,0.94,29.99,8788,34833,8279,263519
16,6,190,3,3.89,5836.48,0.93,32.77,8788,34146,8178,287996
16,7,280,3,4.54,5756.63,0.94,32.01,8791,39916,8255,281387
17,1,350,1,2.89,2305.9,0.97,13.11,8453,24464,8181,110802
17,2,265,1,7.27,5107.38,0.91,27.53,8451,61430,7679,232695
17,3,344,1,3.31,4353.23,0.95,23.27,8451,27933,8004,196619
17,4,389,1,3.24,4854.97,0.94,25.3,8449,27365,7948,213799
17,5,335,1,6.72,7909.63,0.85,41.71,8445,56756,7139,352263
17,6,578,1,4.51,7125.88,0.88,37.16,8449,38071,7417,313934
18,1,453,2,5.92,2941.59,0.87,17.93,6843,40528,5984,122664
18,2,562,2,3.82,2875.55,0.87,17.9,6829,26103,5934,122236
19,1,237,2,1.95,674.16,0.97,4.68,7252,14162,7046,33924
19,2,392,2,2.45,1274.18,0.94,8.12,7227,17717,6778,58710
19,3,272,2,2.27,1319.28,0.95,8.17,7233,16447,6880,59101
20,1,469,2,3.37,1224.41,0.94,8.04,4573,15433,4295,36769
20,2,362,2,2.78,1358.84,0.94,9.11,4563,12687,4285,41591
21,1,123,2,1.92,729.98,0.95,4.45,5757,11055,5493,25610
21,2,642,2,2.24,808.61,0.94,4.89,5753,12910,5426,28144
22,1,156,1,4.7,3463.39,0.95,18.79,8458,39781,8008,158955
22,2,283,1,4.48,3797.03,0.95,20.52,8457,37900,8017,173556
22,3,126,1,7.23,7059.14,0.87,35.28,8451,61081,7333,298140
22,4,241,1,4.04,4036.72,0.96,21.08,8451,34156,8096,178167
23,1,388,2,1.85,838.44,0.97,4.41,4705,8705,4559,20769
23,2,519,2,2.0,935.92,0.93,4.8,4667,9327,4344,22383
24,1,351,3,5.9,4694.53,0.92,24.51,8253,48697,7626,202300
24,2,468,3,4.72,4727.48,0.93,25.18,8253,38956,7649,207791
24,3,390,3,2.84,3254.43,0.97,17.6,8251,23407,7979,145221
24,4,505,3,3.38,4418.86,0.95,23.54,8250,27844,7820,194206
24,5,359,3,2.85,3919.67,0.96,20.47,8250,23540,7939,168862
24,6,475,3,3.97,4816.64,0.94,25.13,8249,32770,7759,207272
25,1,439,1,1.82,663.04,0.99,3.83,9304,16917,9235,35621
25,2,563,1,2.21,785.97,0.99,4.71,9301,20519,9212,43821
25,3,455,1,2.65,1041.6,0.99,6.6,9303,24672,9179,61361
25,4,169,1,2.47,1203.55,0.99,7.13,9303,22947,9185,66319
26,1,512,2,2.72,1420.53,0.95,8.09,4041,10989,3824,32708
26,2,384,2,2.38,1358.65,0.95,7.59,4028,9596,3809,30591
27,1,631,2,2.9,4010.97,0.83,20.75,15584,45175,12867,323372
27,2,134,2,2.52,4022.16,0.82,21.0,15514,39035,12691,325763
27,3,15,2,2.72,3967.73,0.82,20.84,15507,42166,12684,323235
27,4,141,2,2.6,4158.57,0.81,22.07,15483,40254,12567,341683
27,5,18,2,2.82,4329.36,0.79,23.25,15497,43724,12262,360362
27,6,128,2,2.69,4537.19,0.79,24.41,15486,41710,12210,378014
28,1,516,2,3.56,3098.53,0.86,16.88,5996,21358,5160,101187
29,1,309,2,1.71,646.5,0.98,3.41,4472,7638,4371,15263
30,1,25,2,1.86,959.71,0.98,5.18,5468,10163,5340,28348
30,2,150,2,2.77,1650.24,0.9,9.07,5444,15084,4891,49382
31,1,366,2,2.52,795.5,0.92,5.04,4986,12560,4590,25106
31,2,490,2,2.54,1064.22,0.91,6.27,4966,12628,4519,31160
32,1,91,2,2.15,1008.18,0.95,6.35,6014,12902,5685,38179
33,1,284,2,1.94,1030.6,0.97,5.67,13675,26526,13270,77532
33,2,175,2,2.62,2196.59,0.9,11.89,13653,35765,12345,162321
33,3,632,2,2.41,2268.48,0.9,12.19,13640,32905,12309,166235
33,4,198,2,2.81,2805.6,0.85,14.96,13606,38257,11536,203576
33,5,308,2,2.54,2832.82,0.85,15.2,13597,34604,11583,206629
34,1,558,2,1.79,691.17,0.97,4.55,5277,9446,5133,24017
34,2,438,2,2.13,807.77,0.95,4.82,5270,11235,5004,25396
35,1,85,2,2.84,1716.8,0.9,9.65,5596,15866,5013,53989
36,1,201,2,1.7,211.01,0.98,1.93,3894,6617,3823,7497
36,2,626,2,2.2,360.95,0.96,2.58,3889,8565,3750,10048
37,1,245,4,1.75,2864.77,0.76,14.35,2630,4597,1997,37749
37,2,270,4,1.75,2937.96,0.7,14.37,2623,4601,1837,37682
38,1,81,2,2.05,1409.72,0.95,7.39,8140,16708,7720,60118
38,2,1,2,2.2,1414.92,0.94,7.42,8139,17893,7641,60387
38,3,76,2,3.0,2921.09,0.87,14.56,8125,24350,7080,118336
38,4,197,2,2.72,3050.13,0.87,15.7,8118,22041,7045,127468
39,1,590,2,3.47,4109.17,0.89,18.5,6331,21961,5651,117122
39,2,74,2,3.39,6398.14,0.8,27.22,6320,21427,5052,172012
39,3,593,2,2.81,6235.8,0.79,26.9,6305,17688,4987,169587
40,1,410,2,1.94,1149.78,0.95,6.88,28233,54751,26954,194273
40,2,550,2,2.47,1921.31,0.85,11.22,28201,69516,24024,316437
41,1,502,2,1.48,318.4,0.98,2.25,29771,44139,29243,67129
42,1,143,2,2.04,1164.37,0.94,6.49,20841,42451,19673,135199
43,1,515,2,4.0,3319.88,0.83,19.96,4590,18355,3832,91596
43,2,641,2,4.12,3766.23,0.85,22.09,4235,17440,3619,93534
44,1,31,2,3.01,1173.34,0.95,7.24,4183,12590,3971,30269
45,1,456,1,9.24,8383.6,0.84,42.08,7472,69012,6290,314458
45,2,334,1,5.15,7204.3,0.88,36.89,7044,36267,6214,259874
45,3,478,1,5.86,7554.78,0.88,37.68,6902,40462,6071,260057
46,1,257,2,2.45,2822.12,0.92,14.16,11863,29123,10925,168011
46,2,374,2,2.48,2482.81,0.91,12.62,11842,29347,10815,149469
46,3,417,2,3.17,3112.01,0.87,16.48,11820,37486,10272,194756
46,4,296,2,3.32,3781.32,0.85,19.73,11811,39195,9995,233013
47,1,238,3,2.29,1348.04,0.99,8.13,7644,17509,7593,62172
47,2,360,3,2.05,2649.91,0.98,14.58,7541,15496,7422,109922
47,3,208,3,2.04,1377.0,0.99,8.08,7630,15565,7589,61677
47,4,328,3,4.2,5461.79,0.93,29.46,7379,31010,6869,217397
47,5,224,3,2.29,1773.37,0.99,10.7,7606,17407,7552,81348
47,6,321,3,3.04,5768.98,0.93,30.93,7193,21832,6663,222508
47,7,218,3,2.04,1655.92,0.99,9.73,7605,15498,7552,74016
47,8,340,3,1.66,2687.18,0.99,14.7,7496,12459,7401,110194
47,9,271,3,2.05,1735.33,0.99,10.31,7601,15558,7548,78400
47,10,559,3,3.13,5585.71,0.93,29.94,7155,22409,6672,214236
47,11,357,3,1.99,1687.91,0.99,10.02,7597,15105,7546,76102
47,12,574,3,1.62,2834.79,0.99,15.5,7489,12163,7396,116047
47,13,312,3,1.99,1676.88,0.99,9.96,7594,15101,7548,75665
47,14,225,3,1.62,2752.81,0.99,15.25,7493,12175,7399,114298
47,15,89,3,1.99,1715.19,0.99,10.11,7591,15107,7548,76780
47,16,600,3,2.66,5512.4,0.93,29.47,7158,19069,6680,210980
47,17,84,3,1.8,1354.57,1.0,8.23,7601,13711,7564,62569
47,18,620,3,3.8,4230.97,0.95,23.69,7513,28516,7104,177955
47,19,483,3,1.78,1371.28,1.0,8.12,7603,13539,7568,61747
47,20,348,3,1.94,3951.83,0.99,21.54,7530,14593,7431,162203
48,1,68,2,2.81,1183.43,0.96,7.12,3869,10878,3727,27540
48,2,584,2,3.24,2702.65,0.96,14.35,3800,12328,3631,54544
49,1,450,2,3.3,2461.99,0.87,12.72,3752,12376,3265,47726
50,1,269,2,1.79,467.35,0.97,2.77,3992,7133,3870,11046
51,1,226,2,3.16,4146.89,0.79,21.02,12520,39503,9901,263113
51,2,346,2,2.65,3711.12,0.78,18.7,12501,33147,9791,233766
51,3,486,2,3.28,4717.53,0.72,23.77,12481,40968,8975,296678
51,4,382,2,2.86,4621.58,0.72,23.11,12441,35572,8946,287551
51,5,497,2,2.67,4583.2,0.71,22.87,12429,33189,8819,284300
51,6,377,2,2.76,4721.91,0.71,23.75,12392,34153,8762,294364
52,1,533,3,8.19,3910.49,0.91,26.0,25962,212662,23543,674948
52,2,470,3,2.31,1392.87,0.87,9.53,25754,59553,22329,245443
52,3,527,3,2.29,1506.49,0.87,10.38,25749,59021,22356,267285
52,4,6,3,2.76,1890.75,0.8,12.85,25689,70912,20667,330207
52,5,23,3,4.2,2883.86,0.75,19.06,25744,108030,19366,490636
52,6,19,3,2.95,1948.45,0.8,13.64,25561,75375,20564,348646
52,7,541,3,2.77,1976.53,0.8,13.79,25530,70640,20518,351984
52,8,643,3,2.7,1977.84,0.81,13.79,25485,68819,20576,351332
52,9,203,3,2.64,1883.6,0.82,13.14,25470,67135,20828,334608
52,10,368,3,2.98,2278.1,0.78,15.66,25385,75656,19706,397454
52,11,244,3,2.84,2270.01,0.77,15.62,25379,72120,19596,396475
52,12,313,3,3.12,2906.13,0.76,19.07,25378,79220,19333,483956
53,1,595,2,2.71,4085.34,0.86,19.43,3729,10100,3189,72451
53,2,476,2,2.34,3169.63,0.9,15.0,3488,8151,3136,52333
53,3,404,2,2.15,3071.61,0.92,13.73,3360,7233,3081,46122
54,1,327,1,4.13,2857.6,0.94,13.66,6620,27361,6253,90427
54,2,454,1,1.96,1697.87,0.99,7.73,6571,12908,6483,50778
54,3,307,1,3.29,2936.71,0.96,11.91,6531,21462,6288,77775
54,4,457,1,7.65,5466.11,0.89,24.07,6393,48924,5677,153905
54,5,491,1,7.6,5744.42,0.86,25.7,6190,47024,5309,159073
55,1,534,2,1.97,1492.44,0.94,8.27,16593,32733,15589,137255
55,2,406,2,2.36,2160.51,0.91,11.8,16568,39069,15081,195525
55,3,535,2,2.36,2442.75,0.91,13.22,16558,39005,15025,218929
55,4,394,2,3.11,3073.31,0.84,16.84,16549,51479,13932,278654
56,1,605,2,1.51,686.09,0.98,3.68,3422,5161,3346,12596
57,1,395,2,1.95,1036.2,0.96,5.03,3533,6879,3394,17769
57,2,524,2,1.62,1011.1,0.97,5.46,3429,5539,3319,18711
58,1,158,7,3.14,62612.57,0.94,311.31,15937,50078,15052,4961406
59,1,381,2,2.37,1041.69,0.94,6.81,15068,35655,14121,102551
60,1,8,2,1.28,488.25,0.99,3.56,21154,27101,20860,75409
60,2,580,2,1.77,1222.59,0.92,8.15,21210,37591,19494,172945
60,3,609,2,3.46,2763.17,0.78,17.52,21338,73848,16629,373781
60,4,532,2,1.92,1730.68,0.9,11.12,21188,40750,19052,235660
61,1,5,2,1.63,748.51,0.97,4.15,3684,6006,3557,15304
62,1,105,2,2.55,4071.09,0.89,17.76,7664,19543,6847,136133
62,2,622,2,3.42,5492.92,0.84,23.79,7643,26151,6385,181797
62,3,125,2,3.43,5823.66,0.8,25.44,7639,26183,6130,194371
63,1,471,4,1.89,3383.48,0.71,14.59,1147,2169,811,16734
63,2,355,4,2.07,3718.14,0.55,18.01,1145,2374,632,20625
64,1,493,1,2.38,1673.56,0.98,7.88,7146,17007,7023,56345
64,2,354,1,3.91,2969.95,0.96,14.47,7032,27469,6727,101736
64,3,500,1,2.9,2248.62,0.98,10.78,6920,20100,6751,74627
64,4,373,1,3.12,2579.57,0.97,12.08,6850,21353,6642,82746
65,1,152,2,2.0,1303.04,0.97,7.16,10238,20512,9923,73279
65,2,254,2,2.26,2089.91,0.95,11.26,10233,23136,9700,115206
65,3,149,2,2.21,1847.37,0.94,10.01,10224,22639,9647,102343
65,4,273,2,2.22,1796.2,0.94,9.62,10218,22716,9609,98258
65,5,146,2,2.22,1722.92,0.94,9.39,10216,22670,9593,95975
65,6,267,2,2.35,2163.74,0.93,12.14,10213,23964,9459,124034
65,7,311,2,2.23,1961.07,0.93,10.78,10209,22717,9530,110044
65,8,192,2,2.37,2255.99,0.92,12.73,10212,24223,9382,130000
65,9,119,2,2.33,2245.62,0.92,12.74,10210,23792,9379,130074
65,10,639,2,2.59,2481.87,0.91,14.15,10213,26440,9319,144482
66,1,411,2,2.41,3332.68,0.92,13.96,5410,13051,4989,75503
66,2,290,2,2.16,3774.9,0.96,17.15,5410,11700,5177,92802
67,1,528,2,3.06,1486.52,0.92,9.4,19590,59875,17991,184070
67,2,401,2,3.18,1968.86,0.89,12.27,19568,62321,17489,240035
67,3,539,2,3.36,2485.44,0.87,15.11,19530,65551,16996,295187
68,1,435,2,2.29,2343.55,0.91,11.65,7042,16123,6426,82015
68,2,546,2,2.32,2583.18,0.91,12.75,7036,16333,6376,89742
68,3,509,2,3.04,3188.0,0.88,15.93,7033,21408,6163,112067
69,1,108,2,1.67,737.81,0.98,4.28,12405,20655,12176,53036
69,2,628,2,1.79,889.8,0.98,5.12,12400,22240,12094,63470
69,3,115,2,1.86,1012.47,0.98,5.75,12400,23079,12136,71273
69,4,589,2,1.91,1166.19,0.97,6.56,12399,23717,12046,81312
70,1,521,2,2.1,1388.84,0.93,8.76,27117,57005,25129,237477
71,1,523,2,2.16,1427.79,0.94,7.98,13058,28268,12210,104245
71,2,640,2,2.21,1452.39,0.93,8.26,13036,28784,12148,107710
71,3,514,2,2.62,2069.07,0.88,11.66,13027,34076,11479,151879
72,1,293,2,1.14,347.3,0.99,2.56,30156,34248,29950,77284
73,1,445,2,2.52,2024.52,0.87,11.52,14859,37426,12873,171245
74,1,341,2,1.85,974.02,0.97,5.49,17892,33058,17379,98247
74,2,464,2,1.97,1142.42,0.96,6.53,17886,35154,17117,116708
74,3,295,2,2.42,1662.9,0.92,9.71,17873,43201,16464,173510
74,4,421,2,2.18,1727.73,0.94,9.84,17861,39015,16799,175762
74,5,329,2,2.31,1703.33,0.91,10.09,17836,41162,16302,179971
74,6,413,2,2.15,1620.76,0.94,9.56,17830,38413,16732,170423
74,7,289,2,2.26,1436.85,0.93,8.87,17812,40219,16545,158002
74,8,409,2,2.32,1660.03,0.92,10.13,17812,41359,16375,180409
74,9,428,2,2.32,2045.17,0.91,11.95,17803,41278,16241,212774
74,10,531,2,2.34,1906.81,0.91,11.19,17798,41623,16201,199086
74,11,379,2,2.4,1901.84,0.9,11.38,17799,42764,16072,202544
74,12,492,2,2.35,1977.21,0.92,11.48,17785,41804,16344,204124
75,1,625,2,1.97,1145.71,0.98,6.08,9501,18717,9270,57761
75,2,107,2,2.52,1831.82,0.93,9.78,9499,23902,8826,92926
75,3,586,2,3.41,3678.4,0.82,19.02,9480,32374,7812,180292
75,4,113,2,3.04,3809.54,0.83,19.53,9475,28780,7817,185073
76,1,569,2,2.1,2580.0,0.89,14.01,22971,48188,20430,321905
76,2,49,2,2.44,3166.52,0.78,17.06,22836,55696,17910,389652
76,3,565,2,2.0,2671.26,0.9,14.41,22899,45836,20607,330022
77,1,508,2,2.1,3262.85,0.93,14.55,6209,13030,5775,90359
78,1,90,2,2.1,1240.16,0.94,6.7,17930,37696,16868,120089
78,2,436,2,1.89,1248.17,0.96,6.51,17913,33864,17119,116556
79,1,154,2,1.67,687.22,0.98,4.14,15106,25179,14878,62569
79,2,30,2,1.77,865.95,0.97,5.07,15103,26731,14720,76634
79,3,638,2,1.83,929.16,0.97,5.45,15097,27594,14626,82274
79,4,117,2,1.95,1339.67,0.96,7.77,15095,29363,14448,117217
79,5,607,2,2.2,1867.06,0.91,10.54,15078,33178,13735,158929
79,6,88,2,2.15,1984.5,0.9,11.16,15062,32383,13557,168125
80,1,196,2,1.72,1151.35,0.97,7.07,28948,49669,27987,204734
81,1,147,2,2.88,2072.02,0.87,12.13,14410,41556,12590,174728
82,1,127,2,2.57,3277.63,0.89,15.38,15056,38638,13464,231493
83,1,248,2,2.09,1415.38,0.96,7.65,10894,22782,10509,83301
83,2,367,2,2.24,1487.14,0.96,8.27,10898,24376,10494,90157
83,3,408,2,2.69,1971.12,0.94,10.93,10885,29240,10204,119005
84,1,43,2,3.58,2069.69,0.87,12.9,10166,36408,8862,131106
84,2,170,2,3.29,2041.68,0.88,12.75,10155,33368,8892,129502
85,1,485,2,2.09,1643.47,0.95,8.58,11562,24150,11016,99159
85,2,349,2,1.97,1560.37,0.96,8.03,11559,22751,11150,92767
86,1,137,2,1.93,1228.6,0.97,7.26,11236,21699,10859,81608
86,2,258,2,3.25,2846.87,0.86,16.33,11223,36499,9646,183279
86,3,16,2,2.17,1560.42,0.95,9.19,11226,24369,10662,103218
86,4,233,2,2.72,2790.59,0.85,16.18,11205,30475,9528,181310
87,1,62,2,2.1,1422.08,0.95,7.26,17490,36749,16548,127046
87,2,304,2,2.41,1769.92,0.93,9.13,17467,42106,16243,159489
87,3,78,2,2.24,1829.52,0.93,9.32,17451,39165,16253,162646
88,1,42,2,1.97,1670.78,0.97,9.18,10395,20522,10067,95446
88,2,588,2,1.87,1280.2,0.97,7.07,10394,19399,10128,73521
88,3,77,2,2.44,2045.13,0.94,11.4,10386,25302,9779,118439
89,1,200,2,1.76,1118.17,0.96,6.43,11430,20119,11022,73537
89,2,61,2,1.87,1184.98,0.96,6.71,11424,21341,11002,76621
90,1,142,2,1.54,458.53,0.99,3.01,10777,16598,10617,32420
90,2,246,2,1.57,576.18,0.99,3.55,10773,16929,10630,38242
90,3,129,2,1.61,517.16,0.99,3.22,10773,17325,10612,34686
90,4,249,2,1.63,522.25,0.98,3.28,10772,17514,10602,35360
90,5,132,2,1.62,609.03,0.98,3.79,10772,17410,10584,40839
91,1,416,1,2.19,2516.13,0.99,12.56,7031,15371,6943,88322
91,2,297,1,6.85,4787.4,0.92,24.78,6909,47358,6339,171178
91,3,423,1,5.59,4070.78,0.93,21.94,6758,37802,6261,148272
91,4,347,1,4.72,4144.55,0.93,20.9,6679,31508,6185,139588
91,5,230,1,6.32,5057.32,0.87,24.05,6350,40128,5545,152712
92,1,54,2,1.57,583.76,0.98,3.19,4075,6398,3986,12993
93,1,624,2,1.16,371.11,0.99,1.71,3602,4188,3574,6145
94,1,324,1,3.4,3122.0,0.97,16.99,7244,24606,7013,123053
94,2,446,1,2.14,2151.05,0.97,12.04,7129,15232,6906,85818
94,3,343,1,1.78,2159.5,0.97,11.48,7045,12536,6866,80859
94,4,461,1,3.06,3186.81,0.97,16.45,6976,21381,6798,114741
94,5,553,1,6.84,4511.11,0.91,24.76,6916,47328,6313,171250
94,6,460,1,2.17,2927.96,0.98,15.64,6820,14830,6656,106658
94,7,303,1,3.25,3178.15,0.97,17.18,6783,22054,6560,116522
94,8,434,1,2.2,3404.04,0.96,17.89,6796,14978,6530,121584
95,1,472,3,2.86,3070.2,0.98,15.93,7290,20852,7145,116125
95,2,386,3,2.68,2895.65,0.98,14.57,7192,19265,7029,104803
95,3,465,3,7.45,8060.82,0.88,41.53,7338,54702,6428,304715
96,1,576,2,2.04,1470.7,0.97,6.74,2980,6078,2892,20078
96,2,489,2,1.49,853.62,0.98,3.57,2929,4350,2885,10458
96,3,525,2,2.19,1417.6,0.98,6.37,2874,6295,2811,18301
96,4,403,2,1.76,1320.41,0.98,5.56,2888,5079,2823,16067
96,5,555,2,1.64,986.87,0.98,4.64,2688,4410,2625,12462
96,6,442,2,2.16,1446.4,0.97,7.27,2781,6011,2695,20212
97,1,282,2,1.66,531.77,0.97,3.28,3676,6120,3548,12074
97,2,399,2,1.49,449.66,0.97,2.67,3644,5423,3547,9713
98,1,636,2,1.87,617.98,0.97,4.33,3794,7092,3668,16426
98,2,633,2,2.22,768.02,0.95,4.96,3785,8415,3596,18780
99,1,28,2,1.8,730.35,0.99,4.15,3504,6304,3454,14527
99,2,547,2,1.73,786.96,0.97,4.23,3457,5971,3362,14617
99,3,47,2,2.56,1219.57,0.93,6.75,3430,8790,3206,23157
100,1,477,1,2.87,1769.86,0.98,10.89,6787,19461,6648,73893
100,2,591,1,2.56,1574.04,0.98,9.67,6769,17340,6641,65429
100,3,398,1,3.45,1921.06,0.96,11.84,6705,23112,6468,79412
100,4,583,1,2.11,1496.87,0.98,8.92,6619,13954,6467,59013
101,1,474,2,1.74,230.97,0.97,1.98,3454,6025,3363,6826
101,2,100,2,1.61,497.4,0.98,3.23,3445,5558,3380,11132
102,1,331,2,1.98,1288.33,0.97,6.41,3123,6195,3044,20004
102,2,459,2,1.77,1113.82,0.98,5.52,3104,5493,3036,17122
102,3,338,2,1.7,1139.64,0.98,5.12,3062,5218,2987,15672
102,4,463,2,2.49,1802.16,0.95,8.69,2762,6890,2614,23988
102,5,319,2,2.69,1705.81,0.92,8.26,2649,7115,2446,21882
102,6,448,2,1.49,972.35,0.97,5.18,2584,3860,2506,13389
102,7,11,2,1.74,1360.17,0.96,7.01,2589,4497,2498,18142
103,1,310,1,2.22,1063.75,0.96,5.83,24961,55395,24087,145409
103,2,443,1,2.12,1024.53,0.97,5.58,24958,52844,24170,139382
103,3,396,1,2.13,1055.49,0.96,5.85,24953,53225,24077,145890
103,4,278,1,2.09,1036.58,0.97,5.73,24914,51978,24153,142665
103,5,370,1,2.15,1068.84,0.96,5.98,24932,53687,24055,149028
103,6,252,1,2.53,1294.02,0.94,7.49,24920,63153,23466,186712
103,7,299,1,3.29,2085.84,0.89,12.24,24912,81887,22065,304979
103,8,400,1,2.88,1937.16,0.93,11.17,24899,71703,23118,278089
103,9,305,1,2.65,1968.15,0.93,11.41,24889,66016,23028,283993
103,10,429,1,2.38,1922.98,0.93,11.14,24882,59297,23106,277118
103,11,637,1,2.42,1966.28,0.93,11.46,24875,60238,23021,285035
103,12,441,1,2.56,1954.45,0.93,11.39,24864,63583,23057,283114
103,13,281,1,2.59,1990.65,0.92,11.63,24872,64466,22833,289257
103,14,397,1,2.69,2435.43,0.88,14.21,24867,66826,21798,353299
104,1,179,1,2.29,1196.41,0.96,6.71,23169,53112,22320,155504
104,2,314,1,2.34,1309.1,0.96,7.23,23168,54217,22182,167434
104,3,164,1,5.4,3064.56,0.86,16.86,23162,125020,19838,390490
104,4,286,1,4.07,3032.91,0.85,16.98,23160,94262,19712,393264
104,5,191,1,3.37,2929.74,0.86,16.42,23151,77929,19826,380092
105,1,151,1,2.45,1404.64,0.94,7.01,26709,65535,25084,187213
105,2,274,1,2.54,1455.01,0.93,7.37,26673,67812,24936,196666
106,1,522,3,3.54,2085.78,0.91,12.2,22990,81477,20856,280379
107,1,560,3,5.85,4939.74,0.82,22.86,16488,96382,13541,376882
108,1,613,1,4.19,4488.08,0.84,22.95,17190,72039,14386,394494
109,1,499,1,3.13,2072.02,0.93,10.04,16186,50680,15002,162552
109,2,378,1,6.73,3664.77,0.84,18.5,16179,108950,13570,299333
109,3,487,1,2.67,1920.43,0.94,9.58,16168,43107,15205,154821
110,1,247,2,1.67,198.6,0.98,2.09,3302,5503,3239,6885
110,2,130,2,1.9,239.49,0.98,2.55,3302,6290,3225,8416
110,3,250,2,1.88,240.68,0.98,2.56,3303,6216,3222,8453
111,1,239,1,1.93,620.46,0.99,3.39,17425,33548,17252,59104
111,2,121,1,1.84,615.03,0.99,3.41,17423,32052,17283,59432
111,3,236,1,1.84,624.26,0.99,3.48,17422,32124,17276,60636
111,4,135,1,1.91,645.4,0.99,3.7,17421,33267,17258,64452
111,5,229,1,1.9,656.75,0.99,3.75,17421,33163,17257,65323
111,6,111,1,1.88,654.46,0.99,3.81,17420,32762,17264,66291
111,7,369,1,1.87,648.65,0.99,3.78,17418,32631,17261,65889
111,8,467,1,1.91,662.77,0.99,3.87,17423,33274,17254,67388
111,9,513,1,1.89,672.01,0.99,3.91,17419,32914,17259,68127
112,1,587,2,2.38,1938.43,0.97,9.24,11260,26748,10953,104058
112,2,82,2,2.95,2267.34,0.96,11.5,11259,33178,10793,129430
112,3,32,2,2.57,1999.5,0.97,9.51,11257,28930,10929,107006
112,4,551,2,2.78,2297.51,0.96,11.09,11259,31310,10787,124835
112,5,9,2,5.92,6623.92,0.86,30.2,11258,66620,9658,339976
112,6,529,2,9.85,8941.04,0.73,42.71,11256,110882,8256,480694
112,7,575,2,3.52,6476.79,0.85,29.65,11257,39614,9573,333758
112,8,38,2,4.65,8637.17,0.73,40.95,11255,52304,8236,460843
112,9,511,2,5.8,8544.54,0.73,39.68,11255,65305,8259,446595
113,1,71,2,3.04,1857.35,0.96,9.95,11863,36047,11349,118051
113,2,185,2,5.36,4201.33,0.88,23.02,11851,63475,10406,272779
113,3,101,2,2.76,2161.58,0.95,11.86,11850,32739,11269,140506
113,4,215,2,3.56,4339.47,0.87,23.35,11846,42156,10352,276615
114,1,55,2,2.85,2908.91,0.94,13.78,10309,29354,9663,142022
114,2,566,2,7.19,7134.95,0.81,33.57,10306,74137,8361,345926
114,3,103,2,4.82,7438.95,0.8,34.57,10307,49689,8276,356336
114,4,619,2,8.94,9231.95,0.71,42.73,10307,92136,7284,440405
114,5,93,2,8.06,10185.59,0.67,47.6,10299,82964,6935,490225
114,6,597,2,4.61,9886.52,0.67,46.32,10300,47452,6942,477108
115,1,275,3,9.35,4555.28,1.0,21.68,8055,75309,8031,174652
115,2,263,3,4.09,3204.91,0.89,15.16,8055,32910,7138,122149
115,3,109,3,4.48,3681.37,0.88,16.91,8054,36100,7077,136207
115,4,232,3,4.4,4039.41,0.86,19.49,8054,35460,6929,156943
116,1,425,2,2.31,842.88,0.98,5.26,13411,31031,13159,70604
116,2,526,2,2.8,925.52,0.98,6.11,13411,37529,13123,81999
116,3,385,2,2.5,922.45,0.98,6.14,13408,33458,13144,82368
116,4,504,2,2.54,957.63,0.98,6.45,13408,34093,13124,86434
116,5,393,2,3.27,1172.97,0.97,7.78,13409,43858,13020,104329
117,1,165,1,4.33,2814.43,0.92,16.7,13465,58256,12365,224884
117,2,37,1,4.31,3084.14,0.9,18.48,13462,58045,12183,248826
117,3,160,1,8.52,5024.88,0.81,29.7,13455,114660,10930,399593
117,4,57,1,6.05,5088.98,0.8,30.21,13449,81389,10820,406282
118,1,174,1,2.57,1666.7,0.97,10.51,14678,37684,14249,154299
118,2,301,1,2.69,1712.72,0.97,10.95,14675,39421,14220,160754
118,3,138,1,2.79,1892.29,0.96,12.02,14670,40874,14144,176351
118,4,264,1,4.68,4214.06,0.89,26.69,14668,68575,13092,391506
118,5,166,1,3.11,4253.54,0.89,27.08,14667,45653,13036,397225
118,6,255,1,3.79,4729.2,0.87,30.13,14664,55528,12769,441796
118,7,131,1,3.77,4782.36,0.88,31.0,14655,55270,12895,454241
118,8,251,1,3.58,4973.58,0.87,32.5,14654,52477,12811,476230
118,9,582,1,4.38,5626.87,0.85,36.01,14655,64206,12395,527668
119,1,610,3,4.28,3228.31,0.9,17.18,13388,57243,12107,230005
120,1,80,1,3.92,2264.61,0.94,13.05,13384,52462,12524,174600
121,1,361,5,1.36,1472.88,0.93,4.56,9879,13418,9203,45085
121,2,240,5,1.35,1456.97,0.94,4.5,9877,13314,9235,44483
122,1,223,5,1.48,1067.5,0.98,3.04,10080,14919,9846,30692
122,2,65,5,1.48,1076.69,0.97,3.08,10080,14958,9807,31030
122,3,217,5,1.51,1150.29,0.95,3.35,10080,15269,9615,33774
122,4,104,5,1.5,1115.33,0.96,3.2,10079,15147,9664,32232
122,5,212,5,1.54,1186.3,0.94,3.41,10079,15482,9452,34413
122,6,96,5,1.51,1123.19,0.96,3.24,10079,15193,9628,32700
122,7,573,5,1.57,1194.36,0.93,3.44,10079,15842,9349,34658
123,1,155,5,1.52,822.22,0.97,2.91,9779,14835,9455,28449
123,2,202,5,1.54,852.68,0.96,3.04,9780,15076,9395,29703
123,3,415,5,1.61,956.82,0.92,3.38,9780,15732,8999,33025
123,4,72,5,1.67,1009.02,0.89,3.55,9780,16328,8719,34758
124,1,256,5,1.84,2754.42,0.94,9.9,10214,18782,9580,101089
124,2,375,5,1.81,2689.35,0.95,9.61,10213,18504,9655,98181
124,3,234,5,1.82,2698.93,0.94,9.64,10214,18544,9640,98493
124,4,356,5,1.81,2692.27,0.94,9.63,10214,18503,9592,98397
124,5,227,5,1.92,3004.46,0.83,10.78,10212,19606,8515,110054
124,6,352,5,2.06,3500.86,0.67,12.61,10213,21003,6836,128828
124,7,153,5,2.05,3503.29,0.63,12.87,10213,20972,6461,131476
124,8,371,5,2.11,3659.05,0.57,13.4,10214,21588,5792,136844
125,1,345,5,1.91,2598.44,0.85,8.71,9712,18534,8262,84616
125,2,481,5,2.21,3275.94,0.5,11.07,9712,21491,4897,107506
125,3,383,5,1.91,2585.17,0.8,8.62,9712,18543,7744,83719
125,4,495,5,2.0,2814.09,0.7,9.46,9710,19445,6773,91845
125,5,376,5,1.99,2762.47,0.66,9.22,9709,19298,6442,89529
126,1,598,1,6.01,1934.1,0.98,12.8,7144,42929,6979,91477
126,2,488,1,4.46,1502.65,0.98,10.3,7090,31605,6969,73006
126,3,530,1,3.44,1292.64,0.98,8.83,7082,24369,6968,62552
126,4,10,1,3.26,1286.62,0.98,8.56,7075,23065,6964,60542
127,1,431,3,3.48,2547.58,0.97,13.99,6841,23782,6614,95676
127,2,87,3,2.39,1859.62,0.98,9.77,6771,16199,6615,66151
127,3,427,3,1.66,1012.16,1.0,5.36,6897,11426,6872,36999
127,4,542,3,5.31,4568.5,0.9,22.31,6633,35240,5996,147954
127,5,615,3,1.54,1032.26,1.0,5.51,6892,10587,6867,37986
127,6,496,3,5.28,4387.74,0.91,21.5,6604,34861,5992,142010
127,7,585,3,18.24,10999.33,0.8,54.37,6995,127613,5629,380309
128,1,621,1,6.62,4618.09,0.9,20.87,6567,43472,5887,137071
128,2,110,1,3.01,2411.14,0.95,10.75,6186,18617,5879,66499
128,3,176,1,4.38,3183.2,0.92,14.78,5995,26244,5534,88593
128,4,114,1,2.74,2280.7,0.94,11.02,5862,16045,5535,64611
128,5,13,1,4.1,1795.72,0.94,11.29,5766,23618,5444,65090
128,6,136,1,3.04,1550.05,0.95,9.56,5730,17440,5449,54769
129,1,561,2,1.75,606.05,0.99,3.48,3163,5526,3125,10994
129,2,462,2,2.06,1053.91,0.91,5.86,3067,6327,2806,17968
129,3,285,2,2.02,988.11,0.92,5.43,2959,5981,2711,16058
130,1,306,2,2.12,1090.02,0.98,5.12,2965,6295,2891,15190
130,2,188,2,1.45,640.14,0.99,2.84,2910,4232,2877,8255
130,3,148,2,2.53,2160.16,0.9,9.88,2848,7218,2566,28138
130,4,53,2,1.75,1322.06,0.94,5.95,2711,4747,2549,16128
130,5,342,2,2.06,1393.05,0.94,6.65,2640,5439,2488,17546
130,6,266,2,1.68,1126.0,0.96,5.29,2587,4354,2472,13686
131,1,262,1,4.27,2520.26,0.96,16.86,7031,30046,6743,118568
131,2,353,1,1.81,662.17,1.0,4.34,7063,12784,7039,30630
131,3,2,1,2.91,1909.76,0.96,12.43,7051,20509,6801,87643
131,4,617,1,2.29,1450.82,0.97,9.8,6921,15845,6746,67828
131,5,253,1,2.18,1559.89,0.97,10.43,7036,15312,6820,73355
131,6,332,1,1.51,510.74,1.0,3.48,7038,10652,7016,24518
131,7,209,1,3.0,1794.35,0.97,11.93,7004,21007,6784,83568
131,8,330,1,2.07,791.11,0.99,5.44,7052,14624,6992,38368
131,9,183,1,1.85,703.1,0.99,4.72,7046,13004,6987,33253
131,10,64,1,3.18,2023.8,0.96,12.48,6935,22081,6685,86579
131,11,139,1,1.41,522.0,1.0,2.9,7033,9912,7014,20389
131,12,259,1,1.48,629.05,1.0,3.32,7032,10437,7009,23333
132,1,543,1,2.62,2122.51,0.98,9.52,5675,14877,5552,54031
132,2,414,1,5.5,1881.0,0.94,10.25,5485,30168,5145,56226
132,3,276,1,2.96,1144.6,0.96,7.1,5345,15803,5134,37929
132,4,391,1,2.8,1128.65,0.96,6.42,5349,14960,5141,34359
133,1,20,1,5.65,4053.67,0.9,19.58,5726,32372,5172,112141
133,2,145,1,3.57,1712.02,0.96,9.49,5643,20148,5393,53560
133,3,56,1,5.6,2642.65,0.92,15.12,5457,30566,5030,82483
133,4,161,1,2.04,991.83,0.98,5.72,5488,11172,5362,31377
133,5,48,1,3.2,1833.63,0.94,10.14,5309,17013,5014,53833
134,1,510,2,2.2,1177.85,0.95,6.11,2942,6475,2787,17968
134,2,627,2,1.98,918.88,0.96,4.89,2806,5561,2689,13708
134,3,536,2,1.63,736.5,0.97,4.13,2749,4481,2672,11363
134,4,12,2,1.47,391.3,0.98,2.66,2692,3945,2639,7171
134,5,540,2,1.28,280.4,0.99,2.05,2700,3466,2663,5537
134,6,17,2,1.68,479.97,0.97,2.84,2653,4469,2568,7529
135,1,364,2,2.65,1082.73,0.92,5.9,3476,9200,3199,20512
135,2,45,2,2.67,1111.1,0.87,6.29,3339,8922,2912,21003
135,3,320,2,2.41,1048.14,0.89,6.13,3217,7750,2854,19718
136,1,579,1,2.0,1525.5,0.99,7.32,6001,11985,5969,43916
136,2,44,1,1.89,1508.81,1.0,7.08,5996,11314,5970,42434
136,3,603,1,1.95,1535.8,1.0,7.24,5995,11711,5970,43410
136,4,50,1,4.12,1865.11,0.95,10.82,5404,22242,5109,58464
136,5,97,1,4.25,1738.54,0.96,9.51,5562,23626,5361,52890
137,1,29,2,1.95,305.04,0.97,2.03,3567,6950,3452,7241
138,1,3,2,2.11,1491.68,0.96,7.66,3252,6849,3108,24922
138,2,144,2,2.41,1000.38,0.96,5.63,3101,7461,2975,17456
139,1,298,2,1.85,772.47,0.98,3.83,2653,4913,2592,10151
139,2,424,2,1.96,1076.47,0.96,5.1,2578,5053,2481,13151
139,3,261,2,1.45,473.97,0.99,2.66,2523,3654,2495,6711
139,4,380,2,1.29,385.28,0.99,2.33,2494,3215,2462,5808
139,5,451,2,1.28,332.5,0.99,1.84,2501,3207,2482,4613
140,1,184,2,2.01,946.81,0.94,5.45,3000,6037,2812,16337
140,2,69,2,1.67,593.07,0.95,3.4,2939,4907,2800,9998
141,1,444,2,1.47,390.14,0.98,2.09,3357,4930,3282,7016
142,1,59,2,2.14,560.52,0.98,3.36,2918,6244,2849,9807
142,2,537,2,1.44,433.8,0.99,2.34,2864,4138,2838,6695
142,3,323,2,1.96,561.84,0.98,3.35,2821,5538,2769,9446
142,4,577,2,1.26,127.74,0.99,1.05,2789,3508,2774,2936
143,1,336,2,1.47,352.1,0.99,1.76,2738,4014,2724,4829
143,2,220,2,1.39,339.04,0.99,1.58,2728,3801,2713,4310
143,3,168,2,1.33,247.74,0.99,1.03,2705,3597,2675,2782
144,1,498,2,2.09,396.62,0.95,2.8,3591,7520,3398,10045
145,1,4,2,1.95,533.84,0.96,2.88,3342,6510,3197,9611
146,1,422,2,1.51,244.74,0.99,1.56,3750,5650,3713,5837
146,2,35,2,1.33,450.63,1.0,2.25,3864,5135,3845,8683
147,1,557,3,8.13,4325.28,1.0,22.65,5973,48568,5951,135299
147,2,426,3,3.34,2538.72,0.94,13.13,5906,19744,5526,77550
147,3,58,3,3.11,2432.73,0.94,12.59,5876,18269,5526,73967
147,4,433,3,2.5,1067.69,0.97,6.26,5560,13909,5403,34806
147,5,99,3,1.85,680.21,0.98,4.43,5568,10326,5470,24663
148,1,548,2,1.83,154.59,0.99,1.69,3883,7092,3853,6576
148,2,458,2,2.45,536.08,0.94,3.84,3843,9424,3613,14771
149,1,116,1,2.55,2056.13,0.97,10.56,5359,13687,5194,56576
149,2,66,1,3.67,2293.44,0.94,12.33,5214,19150,4913,64307
149,3,449,1,9.38,4176.67,0.84,22.2,5020,47100,4203,111445
150,1,41,1,2.24,1986.48,0.97,9.43,4962,11121,4823,46807
150,2,112,1,3.76,2098.2,0.94,10.71,4762,17923,4494,50982
150,3,180,1,6.28,3042.77,0.9,15.29,4460,28029,4026,68192
150,4,365,1,2.54,1685.53,0.94,8.08,4309,10948,4059,34815
151,1,292,3,7.97,6464.41,0.99,28.88,4308,34338,4282,124436
151,2,608,3,4.86,4912.93,0.81,22.26,4085,19845,3311,90927
152,1,447,1,3.33,2153.64,0.93,12.15,4527,15069,4208,55002
152,2,337,1,2.75,1773.99,0.95,10.18,4456,12243,4211,45370
152,3,452,1,2.38,1776.23,0.95,9.72,4449,10574,4244,43236
152,4,318,1,1.85,977.57,0.98,5.7,4537,8400,4439,25863
152,5,479,1,1.72,932.51,0.98,5.35,4529,7783,4435,24227
152,6,326,1,2.17,1359.27,0.95,8.29,4299,9324,4073,35636
152,7,484,1,2.14,1366.02,0.95,8.26,4284,9164,4079,35400
152,8,358,1,1.46,732.72,0.98,4.75,4428,6471,4339,21028
152,9,94,1,1.52,782.4,0.98,4.9,4424,6741,4337,21660
152,10,618,1,6.61,2761.56,0.87,15.03,4238,28029,3699,63688
153,1,506,2,1.83,877.54,0.92,4.89,2680,4917,2469,13097
153,2,407,2,1.29,428.82,0.98,2.4,2574,3330,2533,6186
153,3,437,2,1.3,570.96,0.99,2.85,2621,3398,2588,7481
154,1,22,2,2.29,433.92,0.96,2.74,2651,6059,2555,7274
154,2,552,2,1.78,178.0,0.98,1.22,2560,4550,2504,3113
155,1,189,2,1.79,670.35,0.95,3.96,3513,6291,3342,13908
155,2,243,2,1.34,350.19,0.99,2.06,3440,4615,3405,7071
155,3,172,2,1.33,433.55,0.99,2.28,3445,4568,3415,7869
156,1,70,2,1.59,506.25,0.99,2.68,3273,5215,3252,8774
156,2,186,2,1.56,431.66,1.0,2.29,3271,5112,3261,7502
156,3,75,2,1.56,434.67,0.99,2.3,3268,5084,3249,7520
156,4,167,2,1.6,618.77,0.97,3.68,3130,5023,3043,11511
157,1,231,2,1.91,392.14,0.99,2.22,2763,5282,2733,6124
157,2,21,2,1.55,457.14,0.99,2.21,2738,4243,2709,6061
157,3,162,2,2.3,757.42,0.96,3.52,2657,6121,2554,9341
157,4,363,2,1.42,222.98,0.99,1.39,2559,3639,2539,3564
157,5,173,2,1.46,216.62,0.99,1.25,2556,3736,2530,3201
158,1,228,2,2.14,1139.74,0.91,5.47,2983,6372,2700,16307
158,2,24,2,1.46,589.79,0.97,2.87,2835,4127,2752,8136
158,3,419,2,1.47,610.62,0.98,2.84,2857,4196,2796,8107
159,1,635,2,2.6,403.42,0.97,2.87,2360,6135,2294,6776
159,2,325,2,2.05,244.16,0.99,1.9,2303,4726,2275,4380
160,1,159,2,1.91,337.6,0.95,2.04,2541,4848,2417,5194
161,1,564,2,2.25,564.52,0.92,3.85,2580,5815,2377,9932
161,2,300,2,1.39,258.0,0.98,1.8,2481,3456,2438,4477
161,3,571,2,1.42,201.63,0.98,1.36,2472,3512,2427,3367
162,1,634,2,1.82,629.52,0.95,3.25,2215,4031,2102,7190
163,1,570,2,2.93,679.74,0.94,4.35,2288,6702,2151,9947
163,2,52,2,1.46,219.22,0.98,1.49,2198,3214,2161,3269
164,1,124,2,1.88,499.92,0.98,2.94,2232,4190,2182,6558
164,2,7,2,1.59,208.49,0.98,1.73,2205,3499,2169,3804
164,3,545,2,1.63,185.5,0.97,1.59,2185,3558,2127,3470
165,1,316,6,1.79,2700.01,0.97,8.01,7818,13991,7559,62632
165,2,260,6,1.74,2594.34,0.96,7.59,7655,13346,7329,58130
165,3,222,6,1.75,2631.48,0.98,7.75,7791,13659,7669,60383
165,4,277,6,1.75,2633.76,0.98,7.76,7785,13660,7654,60448
165,5,279,6,1.96,3417.95,0.73,10.09,7502,14692,5492,75674
165,6,157,6,1.81,2756.24,0.86,8.18,7464,13473,6403,61045
165,7,549,6,1.79,2719.45,0.86,8.07,7420,13306,6357,59898
166,1,268,6,1.65,2584.89,0.96,7.23,7859,12958,7508,56842
166,2,387,6,1.8,3022.18,0.81,8.49,7803,14040,6309,66270
166,3,302,6,1.61,2468.29,0.96,6.85,7757,12481,7452,53097
166,4,402,6,1.59,2324.6,0.89,6.44,7454,11819,6643,48027
166,5,480,6,1.59,2293.33,0.89,6.39,7436,11804,6600,47488
167,1,14,6,1.62,1832.4,0.97,6.02,7455,12092,7258,44886
167,2,235,6,1.67,1920.66,0.92,6.25,7103,11876,6508,44410
167,3,122,6,1.7,1858.14,0.75,5.9,6160,10449,4612,36319
167,4,118,6,2.05,2449.24,0.79,8.16,7558,15513,5956,61705
168,1,34,6,1.36,891.91,0.98,3.2,7019,9574,6855,22454
168,2,322,6,1.37,877.55,0.93,3.1,6809,9357,6336,21097
168,3,207,6,1.36,856.86,0.93,3.04,6779,9232,6317,20578
168,4,36,6,1.34,857.48,0.95,3.0,6746,9009,6417,20263
169,1,420,6,2.0,1815.79,0.44,5.32,3839,7681,1701,20436
169,2,507,6,2.12,1732.6,0.2,5.13,3207,6791,654,16459
170,1,614,6,2.7,1905.73,0.85,6.93,6792,18341,5774,47092
170,2,26,6,1.9,1400.5,0.93,4.86,6874,13080,6394,33391
170,3,554,6,2.82,2492.63,0.72,8.68,6301,17751,4544,54718
171,1,63,6,1.78,2234.6,0.94,7.18,6940,12384,6531,49822
171,2,432,6,1.81,2316.71,0.87,7.37,6746,12215,5836,49711
171,3,205,6,1.91,2509.93,0.72,7.95,6413,12272,4630,50997
171,4,581,6,1.81,2197.17,0.8,6.86,6141,11090,4908,42125
171,5,494,6,1.84,2189.99,0.87,7.02,6928,12755,6048,48657
171,6,616,6,1.76,1922.26,0.66,5.97,5319,9340,3536,31769
172,1,219,6,1.98,2700.74,0.56,8.23,5939,11762,3338,48889
172,2,333,6,1.93,2548.04,0.51,7.7,5327,10262,2743,41024
173,1,440,6,1.76,2510.63,0.96,7.44,7637,13470,7366,56792
173,2,372,6,1.79,2614.37,0.93,7.73,7576,13576,7076,58545
173,3,482,6,2.01,3592.26,0.63,10.56,7288,14653,4606,76988
173,4,592,6,1.75,2560.93,0.95,7.58,7505,13171,7143,56882
173,5,473,6,1.82,2808.53,0.85,8.37,7386,13466,6279,61830
174,1,214,6,1.73,2039.41,0.92,6.23,6608,11439,6081,41163
174,2,556,6,1.73,2062.57,0.9,6.33,6528,11310,5855,41327
174,3,171,6,1.74,2080.94,0.89,6.38,6490,11261,5798,41418
174,4,51,6,1.74,2049.88,0.87,6.25,6364,11045,5514,39754
174,5,177,6,1.66,1818.47,0.85,5.57,6062,10077,5163,33790
174,6,83,6,1.69,1839.75,0.8,5.67,5972,10072,4806,33840
174,7,98,6,1.72,1925.16,0.76,5.91,5860,10103,4465,34633
174,8,40,6,1.78,2034.36,0.71,6.21,5837,10406,4127,36244
174,9,606,6,1.77,1977.88,0.73,6.04,5873,10376,4291,35488
